,
Теоремы,Определения и формулировки
Теорема Кантора о равномерной непрерывности,Равномерная непрерывность
Теорема Брауэра о неподвижной точке,"Первообразная, неопределенный интеграл"
Теорема о свойствах неопределенного интеграла,Теорема о существовании первообразной
Интегрирование неравенств. Теорема о среднем,Таблица первообразных
Теорема Барроу,"Площадь, аддитивность площади, ослабленная аддитивность"
"Формула Ньютона-Лейбница, в том числе, для кусочно-непрерывных функций",Определенный интеграл
"Линейность определенного интеграла, интегрирование по частям, замена переменных","Функция промежутка, аддитивная функция промежутка"
Неравенство Чебышева для интегралов и сумм,Плотность аддитивной функции промежутка
Иррациональность числа пи,"Локальный максимум, минимум экстремум"
Критерий монотонности функции. Следствия,"Гладкий путь, вектор скорости, носитель пути"
Теорема о необходимом и достаточном условиях экстремума,Длина гладкого пути
Правило Лопиталя,Вычисление длины пути в полярных координатах и длины графика
Пример неаналитической функции,Выпуклая функция
Теорема Штольца,Выпуклое множество в R^m
"""Теорема Гаусса""",Надграфик
Теорема о вычислении аддитивной функции промежутка по плотности,Опорная прямая
Площадь криволинейного сектора: в полярных координатах и для параметрической кривой,"Дробление отрезка, ранг дробления, оснащение, интегральная сумма Римана"
Обобщенная теорема о плотности,"Кусочно-непрерывная функция, интеграл от нее"
Объем фигур вращения. Вычисление объема тора.,Почти первообразная
Вычисление длины гладкого пути,Верхний и нижний пределы
Лемма о трех хордах,Частичный предел
Теорема об односторонней дифференцируемости выпуклой функции,Постоянная Эйлера
Лемма о точках недифференцируемости выпуклой функции,
Описание выпуклости с помощью касательных,"Несобственный интеграл, сходимость, расходимость"
Дифференциальный критерий выпуклости,Критерий Больцано--Коши сходимости несобственного интеграла
Изопериметрическое неравенство,Гамма функция Эйлера
Неравенство Йенсена для сумм,"Абсолютно сходящийся интеграл, ряд"
Интеграл как предел интегральных сумм,"""Эталонные"" интегралы и ряды для признака сравнения"
Теорема об интегральных суммах центральных прямоугольников и трапеций,"Числовой ряд, сумма ряда, сходимость, расходимость"
Формула Эйлера--Маклорена. Асимптотика степенных сумм,$n$-й остаток ряда
Асимптотика частичных сумм гармонического ряда,Критерий Больцано--Коши сходимости числового ряда
Формула Валлиса,Суммируемое семейство
Формула Стирлинга,Произведение рядов
Неравенство Гельдера для сумм,
Неравенство Гельдера для интегралов,
Неравенство Минковского,
Свойства верхнего и нижнего пределов,
Техническое описание верхнего предела,
Теорема о существовании предела в терминах верхнего и нижнего пределов,
Теорема о характеризации верхнего предела как частичного,
,
Простейшие свойства несобственного интеграла,"Скалярное произведение, евклидова норма и метрика в R^m"
Признаки сравнения сходимости несобственного интеграла,"Окрестность точки в R^m, открытое множество"
Изучение сходимости интеграла $\int_{10}^\infty \frac{dx}{x^\alpha (\ln x)^\beta}$,"Сходимость последовательности в R^m, покоординатная сходимость"
Гамма функция Эйлера. Простейшие свойства. Интеграл Эйлера--Пуассона,"Предельная точка, замкнутое множество, замыкание"
Теорема об абсолютно сходящихся интегралах и рядах.,"Компактность, секвенциальная компактность, принцип выбора Больцано-Вейерштрасса"
"Изучение интеграла $\int_1^{\infty} \frac{\sin x\,dx}{x^p}$ на сходимость и абсолютную сходимость",Координатная функция
Признак Абеля--Дирихле сходимости несобственного интеграла,Отображение бесконечно малое в точке
Интеграл Дирихле,o(h) при h->0
"Свойства рядов: линейность, свойства остатка, необх. условие сходимости, критерий Больцано--Коши","Отображение, дифференцируемое в точке"
Признак сравнения сходимости положительных рядов,"Производный оператор, матрица Якоби, дифференциал"
Признак Коши сходимости положительных рядов,Частные производные
Признак Даламбера сходимости положительных рядов,Производная по направлению
Признак Раабе сходимости положительных рядов,Градиент
Интегральный признак Коши сходимости числовых рядов,
Признак Лейбница,
Признаки Дирихле и Абеля сходимости числового ряда,
Теорема о группировке слагаемых,
Лемма о группировке со скобками ограниченной длины,
Теорема о перестановке слагаемых. Суммируемое семейство чисел,
Теорема о произведении рядов,
,
Единственность производной,
Лемма о дифференцируемости отображения и его координатных функций,
Необходимое условие дифференцируемости. ,
Достаточное условие дифференцируемости,
Дифференцирование композиции (с леммой),
"Дифференцирование ""произведений""",
Теорема Лагранжа для векторнозначных функций,
Экстремальное свойство градиента,